{
	"code":10000,
	"msg":"ok",
	"list":[
		{
			"orderId":"100",
			"status":"抢答",
			"content":"这是一段测试文字这是一段测试文字这是一段测试文字这是一段测试文字",
			"type":"测试类型",
			"time":"2016-7-7",
			"price":1,
			"answer":"###"
		},
		{
			"orderId":"101",
			"status":"抢答",
			"content":"这是一段测试文字这是一段测试文字这是一段测试文字这是一段测试文字",
			"type":"测试类型",
			"time":"2016-7-7",
			"price":2,
			"answer":"###"
		},
		{
			"orderId":"102",
			"status":"抢答",
			"content":"这是一段测试文字这是一段测试文字这是一段测试文字这是一段测试文字",
			"type":"测试类型",
			"time":"2016-7-7",
			"price":3,
			"answer":"###"
		}
	]
}