{
	"code":10000,
	"msg":"ok",
	"list":[
		{
			"orderId":"100",
			"status":"抢答",
			"content":"这是一段测试文字这是一段测试文字这是一段测试文字这是一段测试文字",
			"typeId":"100",
			"typeName":"版权类型",
			"time":"2016-7-7",
			"answer":"#",
			"addNum":1,
			"price":"1",
			"canEval":true,
			"imgIndex":0
		},
		{
			"orderId":"101",
			"status":"抢答",
			"content":"这是一段测试文字这是一段测试文字这是一段测试文字这是一段测试文字",
			"typeId":"101",
			"typeName":"版权类型",
			"time":"2016-7-7",
			"answer":"##",
			"addNum":2,
			"price":"2",
			"canEval":false,
			"imgIndex":0
		},
		{
			"orderId":"102",
			"status":"抢答",
			"content":"这是一段测试文字这是一段测试文字这是一段测试文字这是一段测试文字",
			"typeId":"102",
			"typeName":"版权类型",
			"time":"2016-7-7",
			"answer":"###",
			"addNum":0,
			"price":"3",
			"canEval":true,
			"imgIndex":0
		}
	]
}